accuracy,precision,recall,f1_score,fbeta_score,threshold
0.6056701030927835,0.4630541871921182,0.6811594202898551,0.5513196480938416,0.6225165562913907,0.1
